NAME	biosample_id	biosample_type	disease	disease__ontology_label	organ	organ__ontology_label	library_preparation_protocol	library_preparation_protocol__ontology_label	donor_id	species	species__ontology_label	sex	is_living	cell_type	cell_type__ontology_label	organ_region	organ_region__ontology_label	cell_type__custom
TYPE	group	group	group	group	group	group	group	group	group	group	group	group	group	group	group	group	group	group
UU_1	UU_D06_02	PrimaryBioSample_PrimaryCulture	PATO_0000461	normal	UBERON_0000955	brain	EFO_0009899	10X 3' v2 sequencing	UU_D06	NCBITaxon_9913	Bos taurus	male	no	CL_0000057	fibroblast	MBA:000000985	Primary motor area	Fibroblast
UU_2	UU_D06_02	PrimaryBioSample_PrimaryCulture	PATO_0000461	normal	UBERON_0000955	brain	EFO_0009899	10X 3' v2 sequencing	UU_D06	NCBITaxon_9913	Bos taurus	male	no	CL_0000057	fibroblast	MBA:000000985	Primary motor area	Fibroblast
UU_3	UU_D06_02	PrimaryBioSample_PrimaryCulture	PATO_0000461	normal	UBERON_0000955	brain	EFO_0009899	10X 3' v2 sequencing	UU_D06	NCBITaxon_9913	Bos taurus	male	no	CL_0000057	fibroblast	MBA:000000985	Primary motor area	Fibroblast
UU_4	UU_D06_02	PrimaryBioSample_PrimaryCulture	PATO_0000461	normal	UBERON_0000955	brain	EFO_0009899	10X 3' v2 sequencing	UU_D06	NCBITaxon_9913	Bos taurus	male	no	CL_0000057	fibroblast	MBA:000000985	Primary motor area	Fibroblast
UU_5	UU_D06_02	PrimaryBioSample_PrimaryCulture	PATO_0000461	normal	UBERON_0000955	brain	EFO_0009899	10X 3' v2 sequencing	UU_D06	NCBITaxon_9913	Bos taurus	male	no	CL_0000057	fibroblast	MBA:000000985	Primary motor area	Fibroblast
UU_6	UU_D06_02	PrimaryBioSample_PrimaryCulture	PATO_0000461	normal	UBERON_0000955	brain	EFO_0009899	10X 3' v2 sequencing	UU_D06	NCBITaxon_9913	Bos taurus	male	no	CL_0000057	fibroblast	MBA:000000985	Primary motor area	Fibroblast
UU_7	UU_D06_02	PrimaryBioSample_PrimaryCulture	PATO_0000461	normal	UBERON_0000955	brain	EFO_0009899	10X 3' v2 sequencing	UU_D06	NCBITaxon_9913	Bos taurus	male	no	CL_0000121	Purkinje cell	MBA:000000985	Primary motor area	Molecular layer interneuron 2 (MLI2)
UU_8	UU_D06_02	PrimaryBioSample_PrimaryCulture	PATO_0000461	normal	UBERON_0000955	brain	EFO_0009899	10X 3' v2 sequencing	UU_D06	NCBITaxon_9913	Bos taurus	male	no	CL_0000057	fibroblast	MBA:000000985	Primary motor area	Fibroblast
UU_9	UU_D06_02	PrimaryBioSample_PrimaryCulture	PATO_0000461	normal	UBERON_0000955	brain	EFO_0009899	10X 3' v2 sequencing	UU_D06	NCBITaxon_9913	Bos taurus	male	no	CL_0000121	Purkinje cell	MBA:000000985	Primary motor area	Molecular layer interneuron 2 (MLI2)
UU_10	UU_D06_02	PrimaryBioSample_PrimaryCulture	PATO_0000461	normal	UBERON_0000955	brain	EFO_0009899	10X 3' v2 sequencing	UU_D06	NCBITaxon_9913	Bos taurus	male	no	CL_0000121	Purkinje cell	MBA:000000985	Primary motor area	Molecular layer interneuron 2 (MLI2)
UU_11	UU_D06_01	PrimaryBioSample_PrimaryCulture	PATO_0000461	normal	UBERON_0000955	brain	EFO_0009899	10X 3' v2 sequencing	UU_D06	NCBITaxon_9913	Bos taurus	male	no	CL_0000057	fibroblast	MBA:000000909|MBA:000000502	Entorhinal area|Subiculum	Fibroblast
UU_12	UU_D06_01	PrimaryBioSample_PrimaryCulture	PATO_0000461	normal	UBERON_0000955	brain	EFO_0009899	10X 3' v2 sequencing	UU_D06	NCBITaxon_9913	Bos taurus	male	no	CL_0001031	cerebellar granule cell	MBA:000000909|MBA:000000502	Entorhinal area|Subiculum	Granule
UU_13	UU_D06_01	PrimaryBioSample_PrimaryCulture	PATO_0000461	normal	UBERON_0000955	brain	EFO_0009899	10X 3' v2 sequencing	UU_D06	NCBITaxon_9913	Bos taurus	male	no	CL_0000057	fibroblast	MBA:000000909|MBA:000000502	Entorhinal area|Subiculum	Fibroblast
UU_14	UU_D06_01	PrimaryBioSample_PrimaryCulture	PATO_0000461	normal	UBERON_0000955	brain	EFO_0009899	10X 3' v2 sequencing	UU_D06	NCBITaxon_9913	Bos taurus	male	no	CL_0000121	Purkinje cell	MBA:000000909|MBA:000000502	Entorhinal area|Subiculum	Molecular layer interneuron 2 (MLI2)
UU_15	UU_D06_01	PrimaryBioSample_PrimaryCulture	PATO_0000461	normal	UBERON_0000955	brain	EFO_0009899	10X 3' v2 sequencing	UU_D06	NCBITaxon_9913	Bos taurus	male	no	CL_0000057	fibroblast	MBA:000000909|MBA:000000502	Entorhinal area|Subiculum	Fibroblast
UU_16	UU_D06_01	PrimaryBioSample_PrimaryCulture	PATO_0000461	normal	UBERON_0000955	brain	EFO_0009899	10X 3' v2 sequencing	UU_D06	NCBITaxon_9913	Bos taurus	male	no	CL_0000057	fibroblast	MBA:000000909|MBA:000000502	Entorhinal area|Subiculum	Fibroblast
UU_17	UU_D06_01	PrimaryBioSample_PrimaryCulture	PATO_0000461	normal	UBERON_0000955	brain	EFO_0009899	10X 3' v2 sequencing	UU_D06	NCBITaxon_9913	Bos taurus	male	no	CL_0000057	fibroblast	MBA:000000909|MBA:000000502	Entorhinal area|Subiculum	Fibroblast
UU_18	UU_D06_01	PrimaryBioSample_PrimaryCulture	PATO_0000461	normal	UBERON_0000955	brain	EFO_0009899	10X 3' v2 sequencing	UU_D06	NCBITaxon_9913	Bos taurus	male	no	CL_0000057	fibroblast	MBA:000000909|MBA:000000502	Entorhinal area|Subiculum	Fibroblast
UU_19	UU_D06_01	PrimaryBioSample_PrimaryCulture	PATO_0000461	normal	UBERON_0000955	brain	EFO_0009899	10X 3' v2 sequencing	UU_D06	NCBITaxon_9913	Bos taurus	male	no	CL_0000121	Purkinje cell	MBA:000000909|MBA:000000502	Entorhinal area|Subiculum	Molecular layer interneuron 2 (MLI2)
UU_20	UU_D06_01	PrimaryBioSample_PrimaryCulture	PATO_0000461	normal	UBERON_0000955	brain	EFO_0009899	10X 3' v2 sequencing	UU_D06	NCBITaxon_9913	Bos taurus	male	no	CL_0000057	fibroblast	MBA:000000909|MBA:000000502	Entorhinal area|Subiculum	Fibroblast
UU_21	UU_D05_03	PrimaryBioSample_PrimaryCulture	PATO_0000461	normal	UBERON_0000955	brain	EFO_0009899	10X 3' v2 sequencing	UU_D05	NCBITaxon_9913	Bos taurus	male	no	CL_0000555	neuronal brush cell	MBA:000000302|MBA:000000294|MBA:000000795	Superior colliculus, sensory related|Superior colliculus, motor related|Periaqueductal gray	Unipolar brush cell (UBC)
UU_22	UU_D05_03	PrimaryBioSample_PrimaryCulture	PATO_0000461	normal	UBERON_0000955	brain	EFO_0009899	10X 3' v2 sequencing	UU_D05	NCBITaxon_9913	Bos taurus	male	no	CL_0000057	fibroblast	MBA:000000302|MBA:000000294|MBA:000000795	Superior colliculus, sensory related|Superior colliculus, motor related|Periaqueductal gray	Fibroblast
UU_23	UU_D05_03	PrimaryBioSample_PrimaryCulture	PATO_0000461	normal	UBERON_0000955	brain	EFO_0009899	10X 3' v2 sequencing	UU_D05	NCBITaxon_9913	Bos taurus	male	no	CL_0000057	fibroblast	MBA:000000302|MBA:000000294|MBA:000000795	Superior colliculus, sensory related|Superior colliculus, motor related|Periaqueductal gray	Fibroblast
UU_24	UU_D05_03	PrimaryBioSample_PrimaryCulture	PATO_0000461	normal	UBERON_0000955	brain	EFO_0009899	10X 3' v2 sequencing	UU_D05	NCBITaxon_9913	Bos taurus	male	no	CL_0000057	fibroblast	MBA:000000302|MBA:000000294|MBA:000000795	Superior colliculus, sensory related|Superior colliculus, motor related|Periaqueductal gray	Fibroblast
UU_25	UU_D05_03	PrimaryBioSample_PrimaryCulture	PATO_0000461	normal	UBERON_0000955	brain	EFO_0009899	10X 3' v2 sequencing	UU_D05	NCBITaxon_9913	Bos taurus	male	no	CL_0000057	fibroblast	MBA:000000302|MBA:000000294|MBA:000000795	Superior colliculus, sensory related|Superior colliculus, motor related|Periaqueductal gray	Fibroblast
UU_26	UU_D05_03	PrimaryBioSample_PrimaryCulture	PATO_0000461	normal	UBERON_0000955	brain	EFO_0009899	10X 3' v2 sequencing	UU_D05	NCBITaxon_9913	Bos taurus	male	no	CL_0000057	fibroblast	MBA:000000302|MBA:000000294|MBA:000000795	Superior colliculus, sensory related|Superior colliculus, motor related|Periaqueductal gray	Fibroblast
UU_27	UU_D05_03	PrimaryBioSample_PrimaryCulture	PATO_0000461	normal	UBERON_0000955	brain	EFO_0009899	10X 3' v2 sequencing	UU_D05	NCBITaxon_9913	Bos taurus	male	no	CL_0000057	fibroblast	MBA:000000302|MBA:000000294|MBA:000000795	Superior colliculus, sensory related|Superior colliculus, motor related|Periaqueductal gray	Fibroblast
UU_28	UU_D05_03	PrimaryBioSample_PrimaryCulture	PATO_0000461	normal	UBERON_0000955	brain	EFO_0009899	10X 3' v2 sequencing	UU_D05	NCBITaxon_9913	Bos taurus	male	no	CL_0000057	fibroblast	MBA:000000302|MBA:000000294|MBA:000000795	Superior colliculus, sensory related|Superior colliculus, motor related|Periaqueductal gray	Fibroblast
UU_29	UU_D05_03	PrimaryBioSample_PrimaryCulture	PATO_0000461	normal	UBERON_0000955	brain	EFO_0009899	10X 3' v2 sequencing	UU_D05	NCBITaxon_9913	Bos taurus	male	no	CL_0000121	Purkinje cell	MBA:000000302|MBA:000000294|MBA:000000795	Superior colliculus, sensory related|Superior colliculus, motor related|Periaqueductal gray	Molecular layer interneuron 2 (MLI2)
UU_30	UU_D05_03	PrimaryBioSample_PrimaryCulture	PATO_0000461	normal	UBERON_0000955	brain	EFO_0009899	10X 3' v2 sequencing	UU_D05	NCBITaxon_9913	Bos taurus	male	no	CL_0000555	neuronal brush cell	MBA:000000302|MBA:000000294|MBA:000000795	Superior colliculus, sensory related|Superior colliculus, motor related|Periaqueductal gray	Unipolar brush cell (UBC)
UU_31	UU_D05_02	PrimaryBioSample_PrimaryCulture	PATO_0000461	normal	UBERON_0000955	brain	EFO_0009899	10X 3' v2 sequencing	UU_D05	NCBITaxon_9913	Bos taurus	male	no	CL_0000057	fibroblast	MBA:000000714|MBA:000000972	Orbital area|Prelimbic area	Fibroblast
UU_32	UU_D05_02	PrimaryBioSample_PrimaryCulture	PATO_0000461	normal	UBERON_0000955	brain	EFO_0009899	10X 3' v2 sequencing	UU_D05	NCBITaxon_9913	Bos taurus	male	no	CL_0000057	fibroblast	MBA:000000714|MBA:000000972	Orbital area|Prelimbic area	Fibroblast
UU_33	UU_D05_02	PrimaryBioSample_PrimaryCulture	PATO_0000461	normal	UBERON_0000955	brain	EFO_0009899	10X 3' v2 sequencing	UU_D05	NCBITaxon_9913	Bos taurus	male	no	CL_0000121	Purkinje cell	MBA:000000714|MBA:000000972	Orbital area|Prelimbic area	Molecular layer interneuron 2 (MLI2)
UU_34	UU_D05_02	PrimaryBioSample_PrimaryCulture	PATO_0000461	normal	UBERON_0000955	brain	EFO_0009899	10X 3' v2 sequencing	UU_D05	NCBITaxon_9913	Bos taurus	male	no	CL_0000121	Purkinje cell	MBA:000000714|MBA:000000972	Orbital area|Prelimbic area	Molecular layer interneuron 2 (MLI2)
UU_35	UU_D05_02	PrimaryBioSample_PrimaryCulture	PATO_0000461	normal	UBERON_0000955	brain	EFO_0009899	10X 3' v2 sequencing	UU_D05	NCBITaxon_9913	Bos taurus	male	no	CL_0000121	Purkinje cell	MBA:000000714|MBA:000000972	Orbital area|Prelimbic area	Molecular layer interneuron 2 (MLI2)
UU_36	UU_D05_02	PrimaryBioSample_PrimaryCulture	PATO_0000461	normal	UBERON_0000955	brain	EFO_0009899	10X 3' v2 sequencing	UU_D05	NCBITaxon_9913	Bos taurus	male	no	CL_0000121	Purkinje cell	MBA:000000714|MBA:000000972	Orbital area|Prelimbic area	Molecular layer interneuron 2 (MLI2)
UU_37	UU_D05_02	PrimaryBioSample_PrimaryCulture	PATO_0000461	normal	UBERON_0000955	brain	EFO_0009899	10X 3' v2 sequencing	UU_D05	NCBITaxon_9913	Bos taurus	male	no	CL_0000057	fibroblast	MBA:000000714|MBA:000000972	Orbital area|Prelimbic area	Fibroblast
UU_38	UU_D05_02	PrimaryBioSample_PrimaryCulture	PATO_0000461	normal	UBERON_0000955	brain	EFO_0009899	10X 3' v2 sequencing	UU_D05	NCBITaxon_9913	Bos taurus	male	no	CL_0000057	fibroblast	MBA:000000714|MBA:000000972	Orbital area|Prelimbic area	Fibroblast
UU_39	UU_D05_02	PrimaryBioSample_PrimaryCulture	PATO_0000461	normal	UBERON_0000955	brain	EFO_0009899	10X 3' v2 sequencing	UU_D05	NCBITaxon_9913	Bos taurus	male	no	CL_0000057	fibroblast	MBA:000000714|MBA:000000972	Orbital area|Prelimbic area	Fibroblast
UU_40	UU_D05_02	PrimaryBioSample_PrimaryCulture	PATO_0000461	normal	UBERON_0000955	brain	EFO_0009899	10X 3' v2 sequencing	UU_D05	NCBITaxon_9913	Bos taurus	male	no	CL_0000057	fibroblast	MBA:000000714|MBA:000000972	Orbital area|Prelimbic area	Fibroblast
UU_41	UU_D05_01	PrimaryBioSample_PrimaryCulture	PATO_0000461	normal	UBERON_0000955	brain	EFO_0009899	10X 3' v2 sequencing	UU_D05	NCBITaxon_9913	Bos taurus	male	no	CL_0000555	neuronal brush cell	MBA:000000909|MBA:000000502	Entorhinal area|Subiculum	Unipolar brush cell (UBC)
UU_42	UU_D05_01	PrimaryBioSample_PrimaryCulture	PATO_0000461	normal	UBERON_0000955	brain	EFO_0009899	10X 3' v2 sequencing	UU_D05	NCBITaxon_9913	Bos taurus	male	no	CL_0000057	fibroblast	MBA:000000909|MBA:000000502	Entorhinal area|Subiculum	Fibroblast
UU_43	UU_D05_01	PrimaryBioSample_PrimaryCulture	PATO_0000461	normal	UBERON_0000955	brain	EFO_0009899	10X 3' v2 sequencing	UU_D05	NCBITaxon_9913	Bos taurus	male	no	CL_0000057	fibroblast	MBA:000000909|MBA:000000502	Entorhinal area|Subiculum	Fibroblast
UU_44	UU_D05_01	PrimaryBioSample_PrimaryCulture	PATO_0000461	normal	UBERON_0000955	brain	EFO_0009899	10X 3' v2 sequencing	UU_D05	NCBITaxon_9913	Bos taurus	male	no	CL_0000057	fibroblast	MBA:000000909|MBA:000000502	Entorhinal area|Subiculum	Fibroblast
UU_45	UU_D05_01	PrimaryBioSample_PrimaryCulture	PATO_0000461	normal	UBERON_0000955	brain	EFO_0009899	10X 3' v2 sequencing	UU_D05	NCBITaxon_9913	Bos taurus	male	no	CL_0000057	fibroblast	MBA:000000909|MBA:000000502	Entorhinal area|Subiculum	Fibroblast
UU_46	UU_D05_01	PrimaryBioSample_PrimaryCulture	PATO_0000461	normal	UBERON_0000955	brain	EFO_0009899	10X 3' v2 sequencing	UU_D05	NCBITaxon_9913	Bos taurus	male	no	CL_0000057	fibroblast	MBA:000000909|MBA:000000502	Entorhinal area|Subiculum	Fibroblast
UU_47	UU_D05_01	PrimaryBioSample_PrimaryCulture	PATO_0000461	normal	UBERON_0000955	brain	EFO_0009899	10X 3' v2 sequencing	UU_D05	NCBITaxon_9913	Bos taurus	male	no	CL_0000057	fibroblast	MBA:000000909|MBA:000000502	Entorhinal area|Subiculum	Fibroblast
UU_48	UU_D05_01	PrimaryBioSample_PrimaryCulture	PATO_0000461	normal	UBERON_0000955	brain	EFO_0009899	10X 3' v2 sequencing	UU_D05	NCBITaxon_9913	Bos taurus	male	no	CL_0000057	fibroblast	MBA:000000909|MBA:000000502	Entorhinal area|Subiculum	Fibroblast
UU_49	UU_D05_01	PrimaryBioSample_PrimaryCulture	PATO_0000461	normal	UBERON_0000955	brain	EFO_0009899	10X 3' v2 sequencing	UU_D05	NCBITaxon_9913	Bos taurus	male	no	CL_0000057	fibroblast	MBA:000000909|MBA:000000502	Entorhinal area|Subiculum	Fibroblast
UU_50	UU_D05_01	PrimaryBioSample_PrimaryCulture	PATO_0000461	normal	UBERON_0000955	brain	EFO_0009899	10X 3' v2 sequencing	UU_D05	NCBITaxon_9913	Bos taurus	male	no	CL_0000555	neuronal brush cell	MBA:000000909|MBA:000000502	Entorhinal area|Subiculum	Unipolar brush cell (UBC)
UU_51	UU_D04_03	PrimaryBioSample_PrimaryCulture	PATO_0000461	normal	UBERON_0000955	brain	EFO_0009899	10X 3' v2 sequencing	UU_D04	NCBITaxon_9913	Bos taurus	male	no	CL_0000057	fibroblast	MBA:000000302|MBA:000000294|MBA:000000795	Superior colliculus, sensory related|Superior colliculus, motor related|Periaqueductal gray	Fibroblast
UU_52	UU_D04_03	PrimaryBioSample_PrimaryCulture	PATO_0000461	normal	UBERON_0000955	brain	EFO_0009899	10X 3' v2 sequencing	UU_D04	NCBITaxon_9913	Bos taurus	male	no	CL_0000057	fibroblast	MBA:000000302|MBA:000000294|MBA:000000795	Superior colliculus, sensory related|Superior colliculus, motor related|Periaqueductal gray	Fibroblast
UU_53	UU_D04_03	PrimaryBioSample_PrimaryCulture	PATO_0000461	normal	UBERON_0000955	brain	EFO_0009899	10X 3' v2 sequencing	UU_D04	NCBITaxon_9913	Bos taurus	male	no	CL_0000057	fibroblast	MBA:000000302|MBA:000000294|MBA:000000795	Superior colliculus, sensory related|Superior colliculus, motor related|Periaqueductal gray	Fibroblast
UU_54	UU_D04_03	PrimaryBioSample_PrimaryCulture	PATO_0000461	normal	UBERON_0000955	brain	EFO_0009899	10X 3' v2 sequencing	UU_D04	NCBITaxon_9913	Bos taurus	male	no	CL_0000121	Purkinje cell	MBA:000000302|MBA:000000294|MBA:000000795	Superior colliculus, sensory related|Superior colliculus, motor related|Periaqueductal gray	Molecular layer interneuron 2 (MLI2)
UU_55	UU_D04_03	PrimaryBioSample_PrimaryCulture	PATO_0000461	normal	UBERON_0000955	brain	EFO_0009899	10X 3' v2 sequencing	UU_D04	NCBITaxon_9913	Bos taurus	male	no	CL_0000057	fibroblast	MBA:000000302|MBA:000000294|MBA:000000795	Superior colliculus, sensory related|Superior colliculus, motor related|Periaqueductal gray	Fibroblast
UU_56	UU_D04_03	PrimaryBioSample_PrimaryCulture	PATO_0000461	normal	UBERON_0000955	brain	EFO_0009899	10X 3' v2 sequencing	UU_D04	NCBITaxon_9913	Bos taurus	male	no	CL_0000057	fibroblast	MBA:000000302|MBA:000000294|MBA:000000795	Superior colliculus, sensory related|Superior colliculus, motor related|Periaqueductal gray	Fibroblast
UU_57	UU_D04_03	PrimaryBioSample_PrimaryCulture	PATO_0000461	normal	UBERON_0000955	brain	EFO_0009899	10X 3' v2 sequencing	UU_D04	NCBITaxon_9913	Bos taurus	male	no	CL_0000121	Purkinje cell	MBA:000000302|MBA:000000294|MBA:000000795	Superior colliculus, sensory related|Superior colliculus, motor related|Periaqueductal gray	Molecular layer interneuron 2 (MLI2)
UU_58	UU_D04_03	PrimaryBioSample_PrimaryCulture	PATO_0000461	normal	UBERON_0000955	brain	EFO_0009899	10X 3' v2 sequencing	UU_D04	NCBITaxon_9913	Bos taurus	male	no	CL_0000057	fibroblast	MBA:000000302|MBA:000000294|MBA:000000795	Superior colliculus, sensory related|Superior colliculus, motor related|Periaqueductal gray	Fibroblast
UU_59	UU_D04_03	PrimaryBioSample_PrimaryCulture	PATO_0000461	normal	UBERON_0000955	brain	EFO_0009899	10X 3' v2 sequencing	UU_D04	NCBITaxon_9913	Bos taurus	male	no	CL_0000057	fibroblast	MBA:000000302|MBA:000000294|MBA:000000795	Superior colliculus, sensory related|Superior colliculus, motor related|Periaqueductal gray	Fibroblast
UU_60	UU_D04_03	PrimaryBioSample_PrimaryCulture	PATO_0000461	normal	UBERON_0000955	brain	EFO_0009899	10X 3' v2 sequencing	UU_D04	NCBITaxon_9913	Bos taurus	male	no	CL_0000057	fibroblast	MBA:000000302|MBA:000000294|MBA:000000795	Superior colliculus, sensory related|Superior colliculus, motor related|Periaqueductal gray	Fibroblast
UU_61	UU_D04_02	PrimaryBioSample_PrimaryCulture	PATO_0000461	normal	UBERON_0000955	brain	EFO_0009899	10X 3' v2 sequencing	UU_D04	NCBITaxon_9913	Bos taurus	male	no	CL_0000121	Purkinje cell	MBA:000000714|MBA:000000972	Orbital area|Prelimbic area	Molecular layer interneuron 2 (MLI2)
UU_62	UU_D04_02	PrimaryBioSample_PrimaryCulture	PATO_0000461	normal	UBERON_0000955	brain	EFO_0009899	10X 3' v2 sequencing	UU_D04	NCBITaxon_9913	Bos taurus	male	no	CL_0000057	fibroblast	MBA:000000714|MBA:000000972	Orbital area|Prelimbic area	Fibroblast
UU_63	UU_D04_02	PrimaryBioSample_PrimaryCulture	PATO_0000461	normal	UBERON_0000955	brain	EFO_0009899	10X 3' v2 sequencing	UU_D04	NCBITaxon_9913	Bos taurus	male	no	CL_0000057	fibroblast	MBA:000000714|MBA:000000972	Orbital area|Prelimbic area	Fibroblast
UU_64	UU_D04_02	PrimaryBioSample_PrimaryCulture	PATO_0000461	normal	UBERON_0000955	brain	EFO_0009899	10X 3' v2 sequencing	UU_D04	NCBITaxon_9913	Bos taurus	male	no	CL_0000057	fibroblast	MBA:000000714|MBA:000000972	Orbital area|Prelimbic area	Fibroblast
UU_65	UU_D04_02	PrimaryBioSample_PrimaryCulture	PATO_0000461	normal	UBERON_0000955	brain	EFO_0009899	10X 3' v2 sequencing	UU_D04	NCBITaxon_9913	Bos taurus	male	no	CL_0000057	fibroblast	MBA:000000714|MBA:000000972	Orbital area|Prelimbic area	Fibroblast
UU_66	UU_D04_02	PrimaryBioSample_PrimaryCulture	PATO_0000461	normal	UBERON_0000955	brain	EFO_0009899	10X 3' v2 sequencing	UU_D04	NCBITaxon_9913	Bos taurus	male	no	CL_0000057	fibroblast	MBA:000000714|MBA:000000972	Orbital area|Prelimbic area	Fibroblast
UU_67	UU_D04_02	PrimaryBioSample_PrimaryCulture	PATO_0000461	normal	UBERON_0000955	brain	EFO_0009899	10X 3' v2 sequencing	UU_D04	NCBITaxon_9913	Bos taurus	male	no	CL_0000057	fibroblast	MBA:000000714|MBA:000000972	Orbital area|Prelimbic area	Fibroblast
UU_68	UU_D04_02	PrimaryBioSample_PrimaryCulture	PATO_0000461	normal	UBERON_0000955	brain	EFO_0009899	10X 3' v2 sequencing	UU_D04	NCBITaxon_9913	Bos taurus	male	no	CL_0000121	Purkinje cell	MBA:000000714|MBA:000000972	Orbital area|Prelimbic area	Molecular layer interneuron 2 (MLI2)
UU_69	UU_D04_02	PrimaryBioSample_PrimaryCulture	PATO_0000461	normal	UBERON_0000955	brain	EFO_0009899	10X 3' v2 sequencing	UU_D04	NCBITaxon_9913	Bos taurus	male	no	CL_0000057	fibroblast	MBA:000000714|MBA:000000972	Orbital area|Prelimbic area	Fibroblast
UU_70	UU_D04_02	PrimaryBioSample_PrimaryCulture	PATO_0000461	normal	UBERON_0000955	brain	EFO_0009899	10X 3' v2 sequencing	UU_D04	NCBITaxon_9913	Bos taurus	male	no	CL_0000057	fibroblast	MBA:000000714|MBA:000000972	Orbital area|Prelimbic area	Fibroblast
UU_71	UU_D04_01	PrimaryBioSample_PrimaryCulture	PATO_0000461	normal	UBERON_0000955	brain	EFO_0009899	10X 3' v2 sequencing	UU_D04	NCBITaxon_9913	Bos taurus	male	no	CL_0000057	fibroblast	MBA:000000909|MBA:000000502	Entorhinal area|Subiculum	Fibroblast
UU_72	UU_D04_01	PrimaryBioSample_PrimaryCulture	PATO_0000461	normal	UBERON_0000955	brain	EFO_0009899	10X 3' v2 sequencing	UU_D04	NCBITaxon_9913	Bos taurus	male	no	CL_0000057	fibroblast	MBA:000000909|MBA:000000502	Entorhinal area|Subiculum	Fibroblast
UU_73	UU_D04_01	PrimaryBioSample_PrimaryCulture	PATO_0000461	normal	UBERON_0000955	brain	EFO_0009899	10X 3' v2 sequencing	UU_D04	NCBITaxon_9913	Bos taurus	male	no	CL_0000057	fibroblast	MBA:000000909|MBA:000000502	Entorhinal area|Subiculum	Fibroblast
UU_74	UU_D04_01	PrimaryBioSample_PrimaryCulture	PATO_0000461	normal	UBERON_0000955	brain	EFO_0009899	10X 3' v2 sequencing	UU_D04	NCBITaxon_9913	Bos taurus	male	no	CL_0000057	fibroblast	MBA:000000909|MBA:000000502	Entorhinal area|Subiculum	Fibroblast
UU_75	UU_D04_01	PrimaryBioSample_PrimaryCulture	PATO_0000461	normal	UBERON_0000955	brain	EFO_0009899	10X 3' v2 sequencing	UU_D04	NCBITaxon_9913	Bos taurus	male	no	CL_0000057	fibroblast	MBA:000000909|MBA:000000502	Entorhinal area|Subiculum	Fibroblast
UU_76	UU_D04_01	PrimaryBioSample_PrimaryCulture	PATO_0000461	normal	UBERON_0000955	brain	EFO_0009899	10X 3' v2 sequencing	UU_D04	NCBITaxon_9913	Bos taurus	male	no	CL_0000057	fibroblast	MBA:000000909|MBA:000000502	Entorhinal area|Subiculum	Fibroblast
UU_77	UU_D04_01	PrimaryBioSample_PrimaryCulture	PATO_0000461	normal	UBERON_0000955	brain	EFO_0009899	10X 3' v2 sequencing	UU_D04	NCBITaxon_9913	Bos taurus	male	no	CL_0000057	fibroblast	MBA:000000909|MBA:000000502	Entorhinal area|Subiculum	Fibroblast
UU_78	UU_D04_01	PrimaryBioSample_PrimaryCulture	PATO_0000461	normal	UBERON_0000955	brain	EFO_0009899	10X 3' v2 sequencing	UU_D04	NCBITaxon_9913	Bos taurus	male	no	CL_0000057	fibroblast	MBA:000000909|MBA:000000502	Entorhinal area|Subiculum	Fibroblast
UU_79	UU_D04_01	PrimaryBioSample_PrimaryCulture	PATO_0000461	normal	UBERON_0000955	brain	EFO_0009899	10X 3' v2 sequencing	UU_D04	NCBITaxon_9913	Bos taurus	male	no	CL_0000555	neuronal brush cell	MBA:000000909|MBA:000000502	Entorhinal area|Subiculum	Unipolar brush cell (UBC)
UU_80	UU_D04_01	PrimaryBioSample_PrimaryCulture	PATO_0000461	normal	UBERON_0000955	brain	EFO_0009899	10X 3' v2 sequencing	UU_D04	NCBITaxon_9913	Bos taurus	male	no	CL_0000057	fibroblast	MBA:000000909|MBA:000000502	Entorhinal area|Subiculum	Fibroblast
UU_81	UU_D03_01	PrimaryBioSample_PrimaryCulture	PATO_0000461	normal	UBERON_0000955	brain	EFO_0009899	10X 3' v2 sequencing	UU_D03	NCBITaxon_9913	Bos taurus	male	no	CL_0000057	fibroblast	MBA:000000909|MBA:000000502	Entorhinal area|Subiculum	Fibroblast
UU_82	UU_D03_01	PrimaryBioSample_PrimaryCulture	PATO_0000461	normal	UBERON_0000955	brain	EFO_0009899	10X 3' v2 sequencing	UU_D03	NCBITaxon_9913	Bos taurus	male	no	CL_0000057	fibroblast	MBA:000000909|MBA:000000502	Entorhinal area|Subiculum	Fibroblast
UU_83	UU_D03_01	PrimaryBioSample_PrimaryCulture	PATO_0000461	normal	UBERON_0000955	brain	EFO_0009899	10X 3' v2 sequencing	UU_D03	NCBITaxon_9913	Bos taurus	male	no	CL_0000057	fibroblast	MBA:000000909|MBA:000000502	Entorhinal area|Subiculum	Fibroblast
UU_84	UU_D03_01	PrimaryBioSample_PrimaryCulture	PATO_0000461	normal	UBERON_0000955	brain	EFO_0009899	10X 3' v2 sequencing	UU_D03	NCBITaxon_9913	Bos taurus	male	no	CL_0000121	Purkinje cell	MBA:000000909|MBA:000000502	Entorhinal area|Subiculum	Molecular layer interneuron 2 (MLI2)
UU_85	UU_D03_01	PrimaryBioSample_PrimaryCulture	PATO_0000461	normal	UBERON_0000955	brain	EFO_0009899	10X 3' v2 sequencing	UU_D03	NCBITaxon_9913	Bos taurus	male	no	CL_0000057	fibroblast	MBA:000000909|MBA:000000502	Entorhinal area|Subiculum	Fibroblast
UU_86	UU_D03_01	PrimaryBioSample_PrimaryCulture	PATO_0000461	normal	UBERON_0000955	brain	EFO_0009899	10X 3' v2 sequencing	UU_D03	NCBITaxon_9913	Bos taurus	male	no	CL_0000121	Purkinje cell	MBA:000000909|MBA:000000502	Entorhinal area|Subiculum	Molecular layer interneuron 2 (MLI2)
UU_87	UU_D03_01	PrimaryBioSample_PrimaryCulture	PATO_0000461	normal	UBERON_0000955	brain	EFO_0009899	10X 3' v2 sequencing	UU_D03	NCBITaxon_9913	Bos taurus	male	no	CL_0000121	Purkinje cell	MBA:000000909|MBA:000000502	Entorhinal area|Subiculum	Molecular layer interneuron 2 (MLI2)
UU_88	UU_D03_01	PrimaryBioSample_PrimaryCulture	PATO_0000461	normal	UBERON_0000955	brain	EFO_0009899	10X 3' v2 sequencing	UU_D03	NCBITaxon_9913	Bos taurus	male	no	CL_0000057	fibroblast	MBA:000000909|MBA:000000502	Entorhinal area|Subiculum	Fibroblast
UU_89	UU_D03_01	PrimaryBioSample_PrimaryCulture	PATO_0000461	normal	UBERON_0000955	brain	EFO_0009899	10X 3' v2 sequencing	UU_D03	NCBITaxon_9913	Bos taurus	male	no	CL_0000057	fibroblast	MBA:000000909|MBA:000000502	Entorhinal area|Subiculum	Fibroblast
UU_90	UU_D03_01	PrimaryBioSample_PrimaryCulture	PATO_0000461	normal	UBERON_0000955	brain	EFO_0009899	10X 3' v2 sequencing	UU_D03	NCBITaxon_9913	Bos taurus	male	no	CL_0000555	neuronal brush cell	MBA:000000909|MBA:000000502	Entorhinal area|Subiculum	Unipolar brush cell (UBC)
UU_91	UU_D02_02	PrimaryBioSample_PrimaryCulture	PATO_0000461	normal	UBERON_0000955	brain	EFO_0009899	10X 3' v2 sequencing	UU_D02	NCBITaxon_9913	Bos taurus	male	no	CL_0000057	fibroblast	MBA:000000714|MBA:000000972	Orbital area|Prelimbic area	Fibroblast
UU_92	UU_D02_02	PrimaryBioSample_PrimaryCulture	PATO_0000461	normal	UBERON_0000955	brain	EFO_0009899	10X 3' v2 sequencing	UU_D02	NCBITaxon_9913	Bos taurus	male	no	CL_0000099	interneuron	MBA:000000714|MBA:000000972	Orbital area|Prelimbic area	Molecular layer interneuron 2 (MLI2)
UU_93	UU_D02_02	PrimaryBioSample_PrimaryCulture	PATO_0000461	normal	UBERON_0000955	brain	EFO_0009899	10X 3' v2 sequencing	UU_D02	NCBITaxon_9913	Bos taurus	male	no	CL_0000099	interneuron	MBA:000000714|MBA:000000972	Orbital area|Prelimbic area	Molecular layer interneuron 2 (MLI2)
UU_94	UU_D02_02	PrimaryBioSample_PrimaryCulture	PATO_0000461	normal	UBERON_0000955	brain	EFO_0009899	10X 3' v2 sequencing	UU_D02	NCBITaxon_9913	Bos taurus	male	no	CL_0000057	fibroblast	MBA:000000714|MBA:000000972	Orbital area|Prelimbic area	Fibroblast
UU_95	UU_D02_02	PrimaryBioSample_PrimaryCulture	PATO_0000461	normal	UBERON_0000955	brain	EFO_0009899	10X 3' v2 sequencing	UU_D02	NCBITaxon_9913	Bos taurus	male	no	CL_0000057	fibroblast	MBA:000000714|MBA:000000972	Orbital area|Prelimbic area	Fibroblast
UU_96	UU_D02_02	PrimaryBioSample_PrimaryCulture	PATO_0000461	normal	UBERON_0000955	brain	EFO_0009899	10X 3' v2 sequencing	UU_D02	NCBITaxon_9913	Bos taurus	male	no	CL_0000099	interneuron	MBA:000000714|MBA:000000972	Orbital area|Prelimbic area	Molecular layer interneuron 2 (MLI2)
UU_97	UU_D02_02	PrimaryBioSample_PrimaryCulture	PATO_0000461	normal	UBERON_0000955	brain	EFO_0009899	10X 3' v2 sequencing	UU_D02	NCBITaxon_9913	Bos taurus	male	no	CL_0000099	interneuron	MBA:000000714|MBA:000000972	Orbital area|Prelimbic area	Molecular layer interneuron 2 (MLI2)
UU_98	UU_D02_02	PrimaryBioSample_PrimaryCulture	PATO_0000461	normal	UBERON_0000955	brain	EFO_0009899	10X 3' v2 sequencing	UU_D02	NCBITaxon_9913	Bos taurus	male	no	CL_0000099	interneuron	MBA:000000714|MBA:000000972	Orbital area|Prelimbic area	Molecular layer interneuron 2 (MLI2)
UU_99	UU_D02_02	PrimaryBioSample_PrimaryCulture	PATO_0000461	normal	UBERON_0000955	brain	EFO_0009899	10X 3' v2 sequencing	UU_D02	NCBITaxon_9913	Bos taurus	male	no	CL_0000099	interneuron	MBA:000000714|MBA:000000972	Orbital area|Prelimbic area	Molecular layer interneuron 2 (MLI2)
UU_100	UU_D02_02	PrimaryBioSample_PrimaryCulture	PATO_0000461	normal	UBERON_0000955	brain	EFO_0009899	10X 3' v2 sequencing	UU_D02	NCBITaxon_9913	Bos taurus	male	no	CL_0000121	Purkinje cell	MBA:000000714|MBA:000000972	Orbital area|Prelimbic area	Molecular layer interneuron 2 (MLI2)
UU_101	UU_D02_01	PrimaryBioSample_PrimaryCulture	PATO_0000461	normal	UBERON_0000955	brain	EFO_0009899	10X 3' v2 sequencing	UU_D02	NCBITaxon_9913	Bos taurus	male	no	CL_0000555	neuronal brush cell	MBA:000000909|MBA:000000502	Entorhinal area|Subiculum	Unipolar brush cell (UBC)
UU_102	UU_D02_01	PrimaryBioSample_PrimaryCulture	PATO_0000461	normal	UBERON_0000955	brain	EFO_0009899	10X 3' v2 sequencing	UU_D02	NCBITaxon_9913	Bos taurus	male	no	CL_0000555	neuronal brush cell	MBA:000000909|MBA:000000502	Entorhinal area|Subiculum	Unipolar brush cell (UBC)
UU_103	UU_D02_01	PrimaryBioSample_PrimaryCulture	PATO_0000461	normal	UBERON_0000955	brain	EFO_0009899	10X 3' v2 sequencing	UU_D02	NCBITaxon_9913	Bos taurus	male	no	CL_0000555	neuronal brush cell	MBA:000000909|MBA:000000502	Entorhinal area|Subiculum	Unipolar brush cell (UBC)
UU_104	UU_D02_01	PrimaryBioSample_PrimaryCulture	PATO_0000461	normal	UBERON_0000955	brain	EFO_0009899	10X 3' v2 sequencing	UU_D02	NCBITaxon_9913	Bos taurus	male	no	CL_0000555	neuronal brush cell	MBA:000000909|MBA:000000502	Entorhinal area|Subiculum	Unipolar brush cell (UBC)
UU_105	UU_D02_01	PrimaryBioSample_PrimaryCulture	PATO_0000461	normal	UBERON_0000955	brain	EFO_0009899	10X 3' v2 sequencing	UU_D02	NCBITaxon_9913	Bos taurus	male	no	CL_0000555	neuronal brush cell	MBA:000000909|MBA:000000502	Entorhinal area|Subiculum	Unipolar brush cell (UBC)
UU_106	UU_D02_01	PrimaryBioSample_PrimaryCulture	PATO_0000461	normal	UBERON_0000955	brain	EFO_0009899	10X 3' v2 sequencing	UU_D02	NCBITaxon_9913	Bos taurus	male	no	CL_0000555	neuronal brush cell	MBA:000000909|MBA:000000502	Entorhinal area|Subiculum	Unipolar brush cell (UBC)
UU_107	UU_D02_01	PrimaryBioSample_PrimaryCulture	PATO_0000461	normal	UBERON_0000955	brain	EFO_0009899	10X 3' v2 sequencing	UU_D02	NCBITaxon_9913	Bos taurus	male	no	CL_0000555	neuronal brush cell	MBA:000000909|MBA:000000502	Entorhinal area|Subiculum	Unipolar brush cell (UBC)
UU_108	UU_D02_01	PrimaryBioSample_PrimaryCulture	PATO_0000461	normal	UBERON_0000955	brain	EFO_0009899	10X 3' v2 sequencing	UU_D02	NCBITaxon_9913	Bos taurus	male	no	CL_0000555	neuronal brush cell	MBA:000000909|MBA:000000502	Entorhinal area|Subiculum	Unipolar brush cell (UBC)
UU_109	UU_D02_01	PrimaryBioSample_PrimaryCulture	PATO_0000461	normal	UBERON_0000955	brain	EFO_0009899	10X 3' v2 sequencing	UU_D02	NCBITaxon_9913	Bos taurus	male	no	CL_0000555	neuronal brush cell	MBA:000000909|MBA:000000502	Entorhinal area|Subiculum	Unipolar brush cell (UBC)
UU_110	UU_D02_01	PrimaryBioSample_PrimaryCulture	PATO_0000461	normal	UBERON_0000955	brain	EFO_0009899	10X 3' v2 sequencing	UU_D02	NCBITaxon_9913	Bos taurus	male	no	CL_0000555	neuronal brush cell	MBA:000000909|MBA:000000502	Entorhinal area|Subiculum	Unipolar brush cell (UBC)
UU_111	UU_D01_02	PrimaryBioSample_PrimaryCulture	PATO_0000461	normal	UBERON_0000955	brain	EFO_0009899	10X 3' v2 sequencing	UU_D01	NCBITaxon_9913	Bos taurus	male	no	CL_0000057	fibroblast	MBA:000000714|MBA:000000972	Orbital area|Prelimbic area	Fibroblast
UU_112	UU_D01_02	PrimaryBioSample_PrimaryCulture	PATO_0000461	normal	UBERON_0000955	brain	EFO_0009899	10X 3' v2 sequencing	UU_D01	NCBITaxon_9913	Bos taurus	male	no	CL_0000121	Purkinje cell	MBA:000000714|MBA:000000972	Orbital area|Prelimbic area	Molecular layer interneuron 2 (MLI2)
UU_113	UU_D01_02	PrimaryBioSample_PrimaryCulture	PATO_0000461	normal	UBERON_0000955	brain	EFO_0009899	10X 3' v2 sequencing	UU_D01	NCBITaxon_9913	Bos taurus	male	no	CL_0000099	interneuron	MBA:000000714|MBA:000000972	Orbital area|Prelimbic area	Molecular layer interneuron 2 (MLI2)
UU_114	UU_D01_02	PrimaryBioSample_PrimaryCulture	PATO_0000461	normal	UBERON_0000955	brain	EFO_0009899	10X 3' v2 sequencing	UU_D01	NCBITaxon_9913	Bos taurus	male	no	CL_0000057	fibroblast	MBA:000000714|MBA:000000972	Orbital area|Prelimbic area	Fibroblast
UU_115	UU_D01_02	PrimaryBioSample_PrimaryCulture	PATO_0000461	normal	UBERON_0000955	brain	EFO_0009899	10X 3' v2 sequencing	UU_D01	NCBITaxon_9913	Bos taurus	male	no	CL_0000099	interneuron	MBA:000000714|MBA:000000972	Orbital area|Prelimbic area	Molecular layer interneuron 2 (MLI2)
UU_116	UU_D01_02	PrimaryBioSample_PrimaryCulture	PATO_0000461	normal	UBERON_0000955	brain	EFO_0009899	10X 3' v2 sequencing	UU_D01	NCBITaxon_9913	Bos taurus	male	no	CL_0000099	interneuron	MBA:000000714|MBA:000000972	Orbital area|Prelimbic area	Molecular layer interneuron 2 (MLI2)
UU_117	UU_D01_02	PrimaryBioSample_PrimaryCulture	PATO_0000461	normal	UBERON_0000955	brain	EFO_0009899	10X 3' v2 sequencing	UU_D01	NCBITaxon_9913	Bos taurus	male	no	CL_0000099	interneuron	MBA:000000714|MBA:000000972	Orbital area|Prelimbic area	Molecular layer interneuron 2 (MLI2)
UU_118	UU_D01_02	PrimaryBioSample_PrimaryCulture	PATO_0000461	normal	UBERON_0000955	brain	EFO_0009899	10X 3' v2 sequencing	UU_D01	NCBITaxon_9913	Bos taurus	male	no	CL_0000057	fibroblast	MBA:000000714|MBA:000000972	Orbital area|Prelimbic area	Fibroblast
UU_119	UU_D01_02	PrimaryBioSample_PrimaryCulture	PATO_0000461	normal	UBERON_0000955	brain	EFO_0009899	10X 3' v2 sequencing	UU_D01	NCBITaxon_9913	Bos taurus	male	no	CL_0000099	interneuron	MBA:000000714|MBA:000000972	Orbital area|Prelimbic area	Molecular layer interneuron 2 (MLI2)
UU_120	UU_D01_02	PrimaryBioSample_PrimaryCulture	PATO_0000461	normal	UBERON_0000955	brain	EFO_0009899	10X 3' v2 sequencing	UU_D01	NCBITaxon_9913	Bos taurus	male	no	CL_0000057	fibroblast	MBA:000000714|MBA:000000972	Orbital area|Prelimbic area	Fibroblast
UU_121	UU_D01_01	PrimaryBioSample_PrimaryCulture	PATO_0000461	normal	UBERON_0000955	brain	EFO_0009899	10X 3' v2 sequencing	UU_D01	NCBITaxon_9913	Bos taurus	male	no	CL_0000099	interneuron	MBA:000000909|MBA:000000502	Entorhinal area|Subiculum	Molecular layer interneuron 2 (MLI2)
UU_122	UU_D01_01	PrimaryBioSample_PrimaryCulture	PATO_0000461	normal	UBERON_0000955	brain	EFO_0009899	10X 3' v2 sequencing	UU_D01	NCBITaxon_9913	Bos taurus	male	no	CL_0000121	Purkinje cell	MBA:000000909|MBA:000000502	Entorhinal area|Subiculum	Molecular layer interneuron 2 (MLI2)
UU_123	UU_D01_01	PrimaryBioSample_PrimaryCulture	PATO_0000461	normal	UBERON_0000955	brain	EFO_0009899	10X 3' v2 sequencing	UU_D01	NCBITaxon_9913	Bos taurus	male	no	CL_0000099	interneuron	MBA:000000909|MBA:000000502	Entorhinal area|Subiculum	Molecular layer interneuron 2 (MLI2)
UU_124	UU_D01_01	PrimaryBioSample_PrimaryCulture	PATO_0000461	normal	UBERON_0000955	brain	EFO_0009899	10X 3' v2 sequencing	UU_D01	NCBITaxon_9913	Bos taurus	male	no	CL_0000099	interneuron	MBA:000000909|MBA:000000502	Entorhinal area|Subiculum	Molecular layer interneuron 2 (MLI2)
UU_125	UU_D01_01	PrimaryBioSample_PrimaryCulture	PATO_0000461	normal	UBERON_0000955	brain	EFO_0009899	10X 3' v2 sequencing	UU_D01	NCBITaxon_9913	Bos taurus	male	no	CL_0000099	interneuron	MBA:000000909|MBA:000000502	Entorhinal area|Subiculum	Molecular layer interneuron 2 (MLI2)
UU_126	UU_D01_01	PrimaryBioSample_PrimaryCulture	PATO_0000461	normal	UBERON_0000955	brain	EFO_0009899	10X 3' v2 sequencing	UU_D01	NCBITaxon_9913	Bos taurus	male	no	CL_0000099	interneuron	MBA:000000909|MBA:000000502	Entorhinal area|Subiculum	Molecular layer interneuron 2 (MLI2)
UU_127	UU_D01_01	PrimaryBioSample_PrimaryCulture	PATO_0000461	normal	UBERON_0000955	brain	EFO_0009899	10X 3' v2 sequencing	UU_D01	NCBITaxon_9913	Bos taurus	male	no	CL_0000099	interneuron	MBA:000000909|MBA:000000502	Entorhinal area|Subiculum	Molecular layer interneuron 2 (MLI2)
UU_128	UU_D01_01	PrimaryBioSample_PrimaryCulture	PATO_0000461	normal	UBERON_0000955	brain	EFO_0009899	10X 3' v2 sequencing	UU_D01	NCBITaxon_9913	Bos taurus	male	no	CL_0000099	interneuron	MBA:000000909|MBA:000000502	Entorhinal area|Subiculum	Molecular layer interneuron 2 (MLI2)
UU_129	UU_D01_01	PrimaryBioSample_PrimaryCulture	PATO_0000461	normal	UBERON_0000955	brain	EFO_0009899	10X 3' v2 sequencing	UU_D01	NCBITaxon_9913	Bos taurus	male	no	CL_0000099	interneuron	MBA:000000909|MBA:000000502	Entorhinal area|Subiculum	Molecular layer interneuron 2 (MLI2)
UU_130	UU_D01_01	PrimaryBioSample_PrimaryCulture	PATO_0000461	normal	UBERON_0000955	brain	EFO_0009899	10X 3' v2 sequencing	UU_D01	NCBITaxon_9913	Bos taurus	male	no	CL_0000099	interneuron	MBA:000000909|MBA:000000502	Entorhinal area|Subiculum	Molecular layer interneuron 2 (MLI2)
