NAME	biosample_id	biosample_type	disease	disease__ontology_label	organ	organ__ontology_label	library_preparation_protocol	library_preparation_protocol__ontology_label	donor_id	species	species__ontology_label	sex	is_living	cell_type	cell_type__ontology_label	preservation_method	organ_region	organ_region__ontology_label	cell_type__custom
TYPE	group	group	group	group	group	group	group	group	group	group	group	group	group	group	group	group	group	group	group
AF_1	AF_D06_02	PrimaryBioSample	MONDO_0005887	oral tuberculosis	UBERON_0000955	brain	EFO_0008722	Drop-seq	AF_D06	NCBITaxon_10090	Mus musculus	male	no	CL_0000103	bipolar neuron	Frozen	MBA:000000657	Primary somatosensory area, mouth, layer 2/3	Macrophage
AF_2	AF_D06_02	PrimaryBioSample	MONDO_0005887	oral tuberculosis	UBERON_0000955	brain	EFO_0008722	Drop-seq	AF_D06	NCBITaxon_10090	Mus musculus	male	no	CL_0000103	bipolar neuron	Frozen	MBA:000000657	Primary somatosensory area, mouth, layer 2/3	Macrophage
AF_3	AF_D06_02	PrimaryBioSample	MONDO_0005887	oral tuberculosis	UBERON_0000955	brain	EFO_0008722	Drop-seq	AF_D06	NCBITaxon_10090	Mus musculus	male	no	CL_0000103	bipolar neuron	Frozen	MBA:000000657	Primary somatosensory area, mouth, layer 2/3	Macrophage
AF_4	AF_D06_02	PrimaryBioSample	MONDO_0005887	oral tuberculosis	UBERON_0000955	brain	EFO_0008722	Drop-seq	AF_D06	NCBITaxon_10090	Mus musculus	male	no	CL_0000103	bipolar neuron	Frozen	MBA:000000657	Primary somatosensory area, mouth, layer 2/3	Macrophage
AF_5	AF_D06_02	PrimaryBioSample	MONDO_0005887	oral tuberculosis	UBERON_0000955	brain	EFO_0008722	Drop-seq	AF_D06	NCBITaxon_10090	Mus musculus	male	no	CL_0000103	bipolar neuron	Frozen	MBA:000000657	Primary somatosensory area, mouth, layer 2/3	Macrophage
AF_6	AF_D06_02	PrimaryBioSample	MONDO_0005887	oral tuberculosis	UBERON_0000955	brain	EFO_0008722	Drop-seq	AF_D06	NCBITaxon_10090	Mus musculus	male	no	CL_0000103	bipolar neuron	Frozen	MBA:000000657	Primary somatosensory area, mouth, layer 2/3	Macrophage
AF_7	AF_D06_02	PrimaryBioSample	MONDO_0005887	oral tuberculosis	UBERON_0000955	brain	EFO_0008722	Drop-seq	AF_D06	NCBITaxon_10090	Mus musculus	male	no	CL_0000748	retinal bipolar neuron	Frozen	MBA:000000657	Primary somatosensory area, mouth, layer 2/3	Purkinje
AF_8	AF_D06_02	PrimaryBioSample	MONDO_0005887	oral tuberculosis	UBERON_0000955	brain	EFO_0008722	Drop-seq	AF_D06	NCBITaxon_10090	Mus musculus	male	no	CL_0000103	bipolar neuron	Frozen	MBA:000000657	Primary somatosensory area, mouth, layer 2/3	Macrophage
AF_9	AF_D06_02	PrimaryBioSample	MONDO_0005887	oral tuberculosis	UBERON_0000955	brain	EFO_0008722	Drop-seq	AF_D06	NCBITaxon_10090	Mus musculus	male	no	CL_0000748	retinal bipolar neuron	Frozen	MBA:000000657	Primary somatosensory area, mouth, layer 2/3	Purkinje
AF_10	AF_D06_02	PrimaryBioSample	MONDO_0005887	oral tuberculosis	UBERON_0000955	brain	EFO_0008722	Drop-seq	AF_D06	NCBITaxon_10090	Mus musculus	male	no	CL_0000748	retinal bipolar neuron	Frozen	MBA:000000657	Primary somatosensory area, mouth, layer 2/3	Purkinje
AF_11	AF_D06_01	PrimaryBioSample	MONDO_0005887	oral tuberculosis	UBERON_0000955	brain	EFO_0008722	Drop-seq	AF_D06	NCBITaxon_10090	Mus musculus	male	no	CL_0000103	bipolar neuron	Frozen	MBA:000000985	Primary motor area	Macrophage
AF_12	AF_D06_01	PrimaryBioSample	MONDO_0005887	oral tuberculosis	UBERON_0000955	brain	EFO_0008722	Drop-seq	AF_D06	NCBITaxon_10090	Mus musculus	male	no	CL_0000573	retinal cone cell	Frozen	MBA:000000985	Primary motor area	Unipolar brush cell (UBC)
AF_13	AF_D06_01	PrimaryBioSample	MONDO_0005887	oral tuberculosis	UBERON_0000955	brain	EFO_0008722	Drop-seq	AF_D06	NCBITaxon_10090	Mus musculus	male	no	CL_0000103	bipolar neuron	Frozen	MBA:000000985	Primary motor area	Macrophage
AF_14	AF_D06_01	PrimaryBioSample	MONDO_0005887	oral tuberculosis	UBERON_0000955	brain	EFO_0008722	Drop-seq	AF_D06	NCBITaxon_10090	Mus musculus	male	no	CL_0000748	retinal bipolar neuron	Frozen	MBA:000000985	Primary motor area	Purkinje
AF_15	AF_D06_01	PrimaryBioSample	MONDO_0005887	oral tuberculosis	UBERON_0000955	brain	EFO_0008722	Drop-seq	AF_D06	NCBITaxon_10090	Mus musculus	male	no	CL_0000103	bipolar neuron	Frozen	MBA:000000985	Primary motor area	Macrophage
AF_16	AF_D06_01	PrimaryBioSample	MONDO_0005887	oral tuberculosis	UBERON_0000955	brain	EFO_0008722	Drop-seq	AF_D06	NCBITaxon_10090	Mus musculus	male	no	CL_0000103	bipolar neuron	Frozen	MBA:000000985	Primary motor area	Macrophage
AF_17	AF_D06_01	PrimaryBioSample	MONDO_0005887	oral tuberculosis	UBERON_0000955	brain	EFO_0008722	Drop-seq	AF_D06	NCBITaxon_10090	Mus musculus	male	no	CL_0000103	bipolar neuron	Frozen	MBA:000000985	Primary motor area	Macrophage
AF_18	AF_D06_01	PrimaryBioSample	MONDO_0005887	oral tuberculosis	UBERON_0000955	brain	EFO_0008722	Drop-seq	AF_D06	NCBITaxon_10090	Mus musculus	male	no	CL_0000103	bipolar neuron	Frozen	MBA:000000985	Primary motor area	Macrophage
AF_19	AF_D06_01	PrimaryBioSample	MONDO_0005887	oral tuberculosis	UBERON_0000955	brain	EFO_0008722	Drop-seq	AF_D06	NCBITaxon_10090	Mus musculus	male	no	CL_0000748	retinal bipolar neuron	Frozen	MBA:000000985	Primary motor area	Purkinje
AF_20	AF_D06_01	PrimaryBioSample	MONDO_0005887	oral tuberculosis	UBERON_0000955	brain	EFO_0008722	Drop-seq	AF_D06	NCBITaxon_10090	Mus musculus	male	no	CL_0000103	bipolar neuron	Frozen	MBA:000000985	Primary motor area	Macrophage
AF_21	AF_D05_03	PrimaryBioSample	MONDO_0001678	intestinal tuberculosis	UBERON_0000955	brain	EFO_0008722	Drop-seq	AF_D05	NCBITaxon_10090	Mus musculus	male	no	CL_0000236	B cell	Frozen	MBA:000000441	Anteromedial visual area, layer 6b	Bergmann
AF_22	AF_D05_03	PrimaryBioSample	MONDO_0001678	intestinal tuberculosis	UBERON_0000955	brain	EFO_0008722	Drop-seq	AF_D05	NCBITaxon_10090	Mus musculus	male	no	CL_0000103	bipolar neuron	Frozen	MBA:000000441	Anteromedial visual area, layer 6b	Macrophage
AF_23	AF_D05_03	PrimaryBioSample	MONDO_0001678	intestinal tuberculosis	UBERON_0000955	brain	EFO_0008722	Drop-seq	AF_D05	NCBITaxon_10090	Mus musculus	male	no	CL_0000103	bipolar neuron	Frozen	MBA:000000441	Anteromedial visual area, layer 6b	Macrophage
AF_24	AF_D05_03	PrimaryBioSample	MONDO_0001678	intestinal tuberculosis	UBERON_0000955	brain	EFO_0008722	Drop-seq	AF_D05	NCBITaxon_10090	Mus musculus	male	no	CL_0000103	bipolar neuron	Frozen	MBA:000000441	Anteromedial visual area, layer 6b	Macrophage
AF_25	AF_D05_03	PrimaryBioSample	MONDO_0001678	intestinal tuberculosis	UBERON_0000955	brain	EFO_0008722	Drop-seq	AF_D05	NCBITaxon_10090	Mus musculus	male	no	CL_0000103	bipolar neuron	Frozen	MBA:000000441	Anteromedial visual area, layer 6b	Macrophage
AF_26	AF_D05_03	PrimaryBioSample	MONDO_0001678	intestinal tuberculosis	UBERON_0000955	brain	EFO_0008722	Drop-seq	AF_D05	NCBITaxon_10090	Mus musculus	male	no	CL_0000103	bipolar neuron	Frozen	MBA:000000441	Anteromedial visual area, layer 6b	Macrophage
AF_27	AF_D05_03	PrimaryBioSample	MONDO_0001678	intestinal tuberculosis	UBERON_0000955	brain	EFO_0008722	Drop-seq	AF_D05	NCBITaxon_10090	Mus musculus	male	no	CL_0000103	bipolar neuron	Frozen	MBA:000000441	Anteromedial visual area, layer 6b	Macrophage
AF_28	AF_D05_03	PrimaryBioSample	MONDO_0001678	intestinal tuberculosis	UBERON_0000955	brain	EFO_0008722	Drop-seq	AF_D05	NCBITaxon_10090	Mus musculus	male	no	CL_0000103	bipolar neuron	Frozen	MBA:000000441	Anteromedial visual area, layer 6b	Macrophage
AF_29	AF_D05_03	PrimaryBioSample	MONDO_0001678	intestinal tuberculosis	UBERON_0000955	brain	EFO_0008722	Drop-seq	AF_D05	NCBITaxon_10090	Mus musculus	male	no	CL_0000748	retinal bipolar neuron	Frozen	MBA:000000441	Anteromedial visual area, layer 6b	Purkinje
AF_30	AF_D05_03	PrimaryBioSample	MONDO_0001678	intestinal tuberculosis	UBERON_0000955	brain	EFO_0008722	Drop-seq	AF_D05	NCBITaxon_10090	Mus musculus	male	no	CL_0000236	B cell	Frozen	MBA:000000441	Anteromedial visual area, layer 6b	Bergmann
AF_31	AF_D05_02	PrimaryBioSample	MONDO_0005887	oral tuberculosis	UBERON_0000955	brain	EFO_0008722	Drop-seq	AF_D05	NCBITaxon_10090	Mus musculus	male	no	CL_0000103	bipolar neuron	Frozen	MBA:000000657	Primary somatosensory area, mouth, layer 2/3	Macrophage
AF_32	AF_D05_02	PrimaryBioSample	MONDO_0005887	oral tuberculosis	UBERON_0000955	brain	EFO_0008722	Drop-seq	AF_D05	NCBITaxon_10090	Mus musculus	male	no	CL_0000103	bipolar neuron	Frozen	MBA:000000657	Primary somatosensory area, mouth, layer 2/3	Macrophage
AF_33	AF_D05_02	PrimaryBioSample	MONDO_0005887	oral tuberculosis	UBERON_0000955	brain	EFO_0008722	Drop-seq	AF_D05	NCBITaxon_10090	Mus musculus	male	no	CL_0000748	retinal bipolar neuron	Frozen	MBA:000000657	Primary somatosensory area, mouth, layer 2/3	Purkinje
AF_34	AF_D05_02	PrimaryBioSample	MONDO_0005887	oral tuberculosis	UBERON_0000955	brain	EFO_0008722	Drop-seq	AF_D05	NCBITaxon_10090	Mus musculus	male	no	CL_0000748	retinal bipolar neuron	Frozen	MBA:000000657	Primary somatosensory area, mouth, layer 2/3	Purkinje
AF_35	AF_D05_02	PrimaryBioSample	MONDO_0005887	oral tuberculosis	UBERON_0000955	brain	EFO_0008722	Drop-seq	AF_D05	NCBITaxon_10090	Mus musculus	male	no	CL_0000748	retinal bipolar neuron	Frozen	MBA:000000657	Primary somatosensory area, mouth, layer 2/3	Purkinje
AF_36	AF_D05_02	PrimaryBioSample	MONDO_0005887	oral tuberculosis	UBERON_0000955	brain	EFO_0008722	Drop-seq	AF_D05	NCBITaxon_10090	Mus musculus	male	no	CL_0000748	retinal bipolar neuron	Frozen	MBA:000000657	Primary somatosensory area, mouth, layer 2/3	Purkinje
AF_37	AF_D05_02	PrimaryBioSample	MONDO_0005887	oral tuberculosis	UBERON_0000955	brain	EFO_0008722	Drop-seq	AF_D05	NCBITaxon_10090	Mus musculus	male	no	CL_0000103	bipolar neuron	Frozen	MBA:000000657	Primary somatosensory area, mouth, layer 2/3	Macrophage
AF_38	AF_D05_02	PrimaryBioSample	MONDO_0005887	oral tuberculosis	UBERON_0000955	brain	EFO_0008722	Drop-seq	AF_D05	NCBITaxon_10090	Mus musculus	male	no	CL_0000103	bipolar neuron	Frozen	MBA:000000657	Primary somatosensory area, mouth, layer 2/3	Macrophage
AF_39	AF_D05_02	PrimaryBioSample	MONDO_0005887	oral tuberculosis	UBERON_0000955	brain	EFO_0008722	Drop-seq	AF_D05	NCBITaxon_10090	Mus musculus	male	no	CL_0000103	bipolar neuron	Frozen	MBA:000000657	Primary somatosensory area, mouth, layer 2/3	Macrophage
AF_40	AF_D05_02	PrimaryBioSample	MONDO_0005887	oral tuberculosis	UBERON_0000955	brain	EFO_0008722	Drop-seq	AF_D05	NCBITaxon_10090	Mus musculus	male	no	CL_0000103	bipolar neuron	Frozen	MBA:000000657	Primary somatosensory area, mouth, layer 2/3	Macrophage
AF_41	AF_D05_01	PrimaryBioSample	MONDO_0005887	oral tuberculosis	UBERON_0000955	brain	EFO_0008722	Drop-seq	AF_D05	NCBITaxon_10090	Mus musculus	male	no	CL_0000236	B cell	Frozen	MBA:000000985	Primary motor area	Bergmann
AF_42	AF_D05_01	PrimaryBioSample	MONDO_0005887	oral tuberculosis	UBERON_0000955	brain	EFO_0008722	Drop-seq	AF_D05	NCBITaxon_10090	Mus musculus	male	no	CL_0000103	bipolar neuron	Frozen	MBA:000000985	Primary motor area	Macrophage
AF_43	AF_D05_01	PrimaryBioSample	MONDO_0005887	oral tuberculosis	UBERON_0000955	brain	EFO_0008722	Drop-seq	AF_D05	NCBITaxon_10090	Mus musculus	male	no	CL_0000103	bipolar neuron	Frozen	MBA:000000985	Primary motor area	Macrophage
AF_44	AF_D05_01	PrimaryBioSample	MONDO_0005887	oral tuberculosis	UBERON_0000955	brain	EFO_0008722	Drop-seq	AF_D05	NCBITaxon_10090	Mus musculus	male	no	CL_0000103	bipolar neuron	Frozen	MBA:000000985	Primary motor area	Macrophage
AF_45	AF_D05_01	PrimaryBioSample	MONDO_0005887	oral tuberculosis	UBERON_0000955	brain	EFO_0008722	Drop-seq	AF_D05	NCBITaxon_10090	Mus musculus	male	no	CL_0000103	bipolar neuron	Frozen	MBA:000000985	Primary motor area	Macrophage
AF_46	AF_D05_01	PrimaryBioSample	MONDO_0005887	oral tuberculosis	UBERON_0000955	brain	EFO_0008722	Drop-seq	AF_D05	NCBITaxon_10090	Mus musculus	male	no	CL_0000103	bipolar neuron	Frozen	MBA:000000985	Primary motor area	Macrophage
AF_47	AF_D05_01	PrimaryBioSample	MONDO_0005887	oral tuberculosis	UBERON_0000955	brain	EFO_0008722	Drop-seq	AF_D05	NCBITaxon_10090	Mus musculus	male	no	CL_0000103	bipolar neuron	Frozen	MBA:000000985	Primary motor area	Macrophage
AF_48	AF_D05_01	PrimaryBioSample	MONDO_0005887	oral tuberculosis	UBERON_0000955	brain	EFO_0008722	Drop-seq	AF_D05	NCBITaxon_10090	Mus musculus	male	no	CL_0000103	bipolar neuron	Frozen	MBA:000000985	Primary motor area	Macrophage
AF_49	AF_D05_01	PrimaryBioSample	MONDO_0005887	oral tuberculosis	UBERON_0000955	brain	EFO_0008722	Drop-seq	AF_D05	NCBITaxon_10090	Mus musculus	male	no	CL_0000103	bipolar neuron	Frozen	MBA:000000985	Primary motor area	Macrophage
AF_50	AF_D05_01	PrimaryBioSample	MONDO_0005887	oral tuberculosis	UBERON_0000955	brain	EFO_0008722	Drop-seq	AF_D05	NCBITaxon_10090	Mus musculus	male	no	CL_0000236	B cell	Frozen	MBA:000000985	Primary motor area	Bergmann
AF_51	AF_D04_03	PrimaryBioSample	MONDO_0005887	oral tuberculosis	UBERON_0000955	brain	EFO_0008722	Drop-seq	AF_D04	NCBITaxon_10090	Mus musculus	male	no	CL_0000103	bipolar neuron	Frozen	MBA:000000441	Anteromedial visual area, layer 6b	Macrophage
AF_52	AF_D04_03	PrimaryBioSample	MONDO_0005887	oral tuberculosis	UBERON_0000955	brain	EFO_0008722	Drop-seq	AF_D04	NCBITaxon_10090	Mus musculus	male	no	CL_0000103	bipolar neuron	Frozen	MBA:000000441	Anteromedial visual area, layer 6b	Macrophage
AF_53	AF_D04_03	PrimaryBioSample	MONDO_0005887	oral tuberculosis	UBERON_0000955	brain	EFO_0008722	Drop-seq	AF_D04	NCBITaxon_10090	Mus musculus	male	no	CL_0000103	bipolar neuron	Frozen	MBA:000000441	Anteromedial visual area, layer 6b	Macrophage
AF_54	AF_D04_03	PrimaryBioSample	MONDO_0005887	oral tuberculosis	UBERON_0000955	brain	EFO_0008722	Drop-seq	AF_D04	NCBITaxon_10090	Mus musculus	male	no	CL_0000748	retinal bipolar neuron	Frozen	MBA:000000441	Anteromedial visual area, layer 6b	Purkinje
AF_55	AF_D04_03	PrimaryBioSample	MONDO_0005887	oral tuberculosis	UBERON_0000955	brain	EFO_0008722	Drop-seq	AF_D04	NCBITaxon_10090	Mus musculus	male	no	CL_0000103	bipolar neuron	Frozen	MBA:000000441	Anteromedial visual area, layer 6b	Macrophage
AF_56	AF_D04_03	PrimaryBioSample	MONDO_0005887	oral tuberculosis	UBERON_0000955	brain	EFO_0008722	Drop-seq	AF_D04	NCBITaxon_10090	Mus musculus	male	no	CL_0000103	bipolar neuron	Frozen	MBA:000000441	Anteromedial visual area, layer 6b	Macrophage
AF_57	AF_D04_03	PrimaryBioSample	MONDO_0005887	oral tuberculosis	UBERON_0000955	brain	EFO_0008722	Drop-seq	AF_D04	NCBITaxon_10090	Mus musculus	male	no	CL_0000748	retinal bipolar neuron	Frozen	MBA:000000441	Anteromedial visual area, layer 6b	Purkinje
AF_58	AF_D04_03	PrimaryBioSample	MONDO_0005887	oral tuberculosis	UBERON_0000955	brain	EFO_0008722	Drop-seq	AF_D04	NCBITaxon_10090	Mus musculus	male	no	CL_0000103	bipolar neuron	Frozen	MBA:000000441	Anteromedial visual area, layer 6b	Macrophage
AF_59	AF_D04_03	PrimaryBioSample	MONDO_0005887	oral tuberculosis	UBERON_0000955	brain	EFO_0008722	Drop-seq	AF_D04	NCBITaxon_10090	Mus musculus	male	no	CL_0000103	bipolar neuron	Frozen	MBA:000000441	Anteromedial visual area, layer 6b	Macrophage
AF_60	AF_D04_03	PrimaryBioSample	MONDO_0005887	oral tuberculosis	UBERON_0000955	brain	EFO_0008722	Drop-seq	AF_D04	NCBITaxon_10090	Mus musculus	male	no	CL_0000103	bipolar neuron	Frozen	MBA:000000441	Anteromedial visual area, layer 6b	Macrophage
AF_61	AF_D04_02	PrimaryBioSample	MONDO_0005887	oral tuberculosis	UBERON_0000955	brain	EFO_0008722	Drop-seq	AF_D04	NCBITaxon_10090	Mus musculus	male	no	CL_0000748	retinal bipolar neuron	Frozen	MBA:000000657	Primary somatosensory area, mouth, layer 2/3	Purkinje
AF_62	AF_D04_02	PrimaryBioSample	MONDO_0005887	oral tuberculosis	UBERON_0000955	brain	EFO_0008722	Drop-seq	AF_D04	NCBITaxon_10090	Mus musculus	male	no	CL_0000103	bipolar neuron	Frozen	MBA:000000657	Primary somatosensory area, mouth, layer 2/3	Macrophage
AF_63	AF_D04_02	PrimaryBioSample	MONDO_0005887	oral tuberculosis	UBERON_0000955	brain	EFO_0008722	Drop-seq	AF_D04	NCBITaxon_10090	Mus musculus	male	no	CL_0000103	bipolar neuron	Frozen	MBA:000000657	Primary somatosensory area, mouth, layer 2/3	Macrophage
AF_64	AF_D04_02	PrimaryBioSample	MONDO_0005887	oral tuberculosis	UBERON_0000955	brain	EFO_0008722	Drop-seq	AF_D04	NCBITaxon_10090	Mus musculus	male	no	CL_0000103	bipolar neuron	Frozen	MBA:000000657	Primary somatosensory area, mouth, layer 2/3	Macrophage
AF_65	AF_D04_02	PrimaryBioSample	MONDO_0005887	oral tuberculosis	UBERON_0000955	brain	EFO_0008722	Drop-seq	AF_D04	NCBITaxon_10090	Mus musculus	male	no	CL_0000103	bipolar neuron	Frozen	MBA:000000657	Primary somatosensory area, mouth, layer 2/3	Macrophage
AF_66	AF_D04_02	PrimaryBioSample	MONDO_0005887	oral tuberculosis	UBERON_0000955	brain	EFO_0008722	Drop-seq	AF_D04	NCBITaxon_10090	Mus musculus	male	no	CL_0000103	bipolar neuron	Frozen	MBA:000000657	Primary somatosensory area, mouth, layer 2/3	Macrophage
AF_67	AF_D04_02	PrimaryBioSample	MONDO_0005887	oral tuberculosis	UBERON_0000955	brain	EFO_0008722	Drop-seq	AF_D04	NCBITaxon_10090	Mus musculus	male	no	CL_0000103	bipolar neuron	Frozen	MBA:000000657	Primary somatosensory area, mouth, layer 2/3	Macrophage
AF_68	AF_D04_02	PrimaryBioSample	MONDO_0005887	oral tuberculosis	UBERON_0000955	brain	EFO_0008722	Drop-seq	AF_D04	NCBITaxon_10090	Mus musculus	male	no	CL_0000748	retinal bipolar neuron	Frozen	MBA:000000657	Primary somatosensory area, mouth, layer 2/3	Purkinje
AF_69	AF_D04_02	PrimaryBioSample	MONDO_0005887	oral tuberculosis	UBERON_0000955	brain	EFO_0008722	Drop-seq	AF_D04	NCBITaxon_10090	Mus musculus	male	no	CL_0000103	bipolar neuron	Frozen	MBA:000000657	Primary somatosensory area, mouth, layer 2/3	Macrophage
AF_70	AF_D04_02	PrimaryBioSample	MONDO_0005887	oral tuberculosis	UBERON_0000955	brain	EFO_0008722	Drop-seq	AF_D04	NCBITaxon_10090	Mus musculus	male	no	CL_0000103	bipolar neuron	Frozen	MBA:000000657	Primary somatosensory area, mouth, layer 2/3	Macrophage
AF_71	AF_D04_01	PrimaryBioSample	MONDO_0005887	oral tuberculosis	UBERON_0000955	brain	EFO_0008722	Drop-seq	AF_D04	NCBITaxon_10090	Mus musculus	male	no	CL_0000103	bipolar neuron	Frozen	MBA:000000985	Primary motor area	Macrophage
AF_72	AF_D04_01	PrimaryBioSample	MONDO_0005887	oral tuberculosis	UBERON_0000955	brain	EFO_0008722	Drop-seq	AF_D04	NCBITaxon_10090	Mus musculus	male	no	CL_0000103	bipolar neuron	Frozen	MBA:000000985	Primary motor area	Macrophage
AF_73	AF_D04_01	PrimaryBioSample	MONDO_0005887	oral tuberculosis	UBERON_0000955	brain	EFO_0008722	Drop-seq	AF_D04	NCBITaxon_10090	Mus musculus	male	no	CL_0000103	bipolar neuron	Frozen	MBA:000000985	Primary motor area	Macrophage
AF_74	AF_D04_01	PrimaryBioSample	MONDO_0005887	oral tuberculosis	UBERON_0000955	brain	EFO_0008722	Drop-seq	AF_D04	NCBITaxon_10090	Mus musculus	male	no	CL_0000103	bipolar neuron	Frozen	MBA:000000985	Primary motor area	Macrophage
AF_75	AF_D04_01	PrimaryBioSample	MONDO_0005887	oral tuberculosis	UBERON_0000955	brain	EFO_0008722	Drop-seq	AF_D04	NCBITaxon_10090	Mus musculus	male	no	CL_0000103	bipolar neuron	Frozen	MBA:000000985	Primary motor area	Macrophage
AF_76	AF_D04_01	PrimaryBioSample	MONDO_0005887	oral tuberculosis	UBERON_0000955	brain	EFO_0008722	Drop-seq	AF_D04	NCBITaxon_10090	Mus musculus	male	no	CL_0000103	bipolar neuron	Frozen	MBA:000000985	Primary motor area	Macrophage
AF_77	AF_D04_01	PrimaryBioSample	MONDO_0005887	oral tuberculosis	UBERON_0000955	brain	EFO_0008722	Drop-seq	AF_D04	NCBITaxon_10090	Mus musculus	male	no	CL_0000103	bipolar neuron	Frozen	MBA:000000985	Primary motor area	Macrophage
AF_78	AF_D04_01	PrimaryBioSample	MONDO_0005887	oral tuberculosis	UBERON_0000955	brain	EFO_0008722	Drop-seq	AF_D04	NCBITaxon_10090	Mus musculus	male	no	CL_0000103	bipolar neuron	Frozen	MBA:000000985	Primary motor area	Macrophage
AF_79	AF_D04_01	PrimaryBioSample	MONDO_0005887	oral tuberculosis	UBERON_0000955	brain	EFO_0008722	Drop-seq	AF_D04	NCBITaxon_10090	Mus musculus	male	no	CL_0000236	B cell	Frozen	MBA:000000985	Primary motor area	Bergmann
AF_80	AF_D04_01	PrimaryBioSample	MONDO_0005887	oral tuberculosis	UBERON_0000955	brain	EFO_0008722	Drop-seq	AF_D04	NCBITaxon_10090	Mus musculus	male	no	CL_0000103	bipolar neuron	Frozen	MBA:000000985	Primary motor area	Macrophage
AF_81	AF_D03_01	PrimaryBioSample	MONDO_0005887	oral tuberculosis	UBERON_0000955	brain	EFO_0008722	Drop-seq	AF_D03	NCBITaxon_10090	Mus musculus	male	no	CL_0000103	bipolar neuron	Frozen	MBA:000000985	Primary motor area	Macrophage
AF_82	AF_D03_01	PrimaryBioSample	MONDO_0005887	oral tuberculosis	UBERON_0000955	brain	EFO_0008722	Drop-seq	AF_D03	NCBITaxon_10090	Mus musculus	male	no	CL_0000103	bipolar neuron	Frozen	MBA:000000985	Primary motor area	Macrophage
AF_83	AF_D03_01	PrimaryBioSample	MONDO_0005887	oral tuberculosis	UBERON_0000955	brain	EFO_0008722	Drop-seq	AF_D03	NCBITaxon_10090	Mus musculus	male	no	CL_0000103	bipolar neuron	Frozen	MBA:000000985	Primary motor area	Macrophage
AF_84	AF_D03_01	PrimaryBioSample	MONDO_0005887	oral tuberculosis	UBERON_0000955	brain	EFO_0008722	Drop-seq	AF_D03	NCBITaxon_10090	Mus musculus	male	no	CL_0000748	retinal bipolar neuron	Frozen	MBA:000000985	Primary motor area	Purkinje
AF_85	AF_D03_01	PrimaryBioSample	MONDO_0005887	oral tuberculosis	UBERON_0000955	brain	EFO_0008722	Drop-seq	AF_D03	NCBITaxon_10090	Mus musculus	male	no	CL_0000103	bipolar neuron	Frozen	MBA:000000985	Primary motor area	Macrophage
AF_86	AF_D03_01	PrimaryBioSample	MONDO_0005887	oral tuberculosis	UBERON_0000955	brain	EFO_0008722	Drop-seq	AF_D03	NCBITaxon_10090	Mus musculus	male	no	CL_0000748	retinal bipolar neuron	Frozen	MBA:000000985	Primary motor area	Purkinje
AF_87	AF_D03_01	PrimaryBioSample	MONDO_0005887	oral tuberculosis	UBERON_0000955	brain	EFO_0008722	Drop-seq	AF_D03	NCBITaxon_10090	Mus musculus	male	no	CL_0000748	retinal bipolar neuron	Frozen	MBA:000000985	Primary motor area	Purkinje
AF_88	AF_D03_01	PrimaryBioSample	MONDO_0005887	oral tuberculosis	UBERON_0000955	brain	EFO_0008722	Drop-seq	AF_D03	NCBITaxon_10090	Mus musculus	male	no	CL_0000103	bipolar neuron	Frozen	MBA:000000985	Primary motor area	Macrophage
AF_89	AF_D03_01	PrimaryBioSample	MONDO_0005887	oral tuberculosis	UBERON_0000955	brain	EFO_0008722	Drop-seq	AF_D03	NCBITaxon_10090	Mus musculus	male	no	CL_0000103	bipolar neuron	Frozen	MBA:000000985	Primary motor area	Macrophage
AF_90	AF_D03_01	PrimaryBioSample	MONDO_0005887	oral tuberculosis	UBERON_0000955	brain	EFO_0008722	Drop-seq	AF_D03	NCBITaxon_10090	Mus musculus	male	no	CL_0000236	B cell	Frozen	MBA:000000985	Primary motor area	Bergmann
AF_91	AF_D02_02	PrimaryBioSample	MONDO_0005887	oral tuberculosis	UBERON_0000955	brain	EFO_0008722	Drop-seq	AF_D02	NCBITaxon_10090	Mus musculus	male	no	CL_0000103	bipolar neuron	Frozen	MBA:000000657	Primary somatosensory area, mouth, layer 2/3	Macrophage
AF_92	AF_D02_02	PrimaryBioSample	MONDO_0005887	oral tuberculosis	UBERON_0000955	brain	EFO_0008722	Drop-seq	AF_D02	NCBITaxon_10090	Mus musculus	male	no	CL_0000561	amacrine cell	Frozen	MBA:000000657	Primary somatosensory area, mouth, layer 2/3	Astrocyte
AF_93	AF_D02_02	PrimaryBioSample	MONDO_0005887	oral tuberculosis	UBERON_0000955	brain	EFO_0008722	Drop-seq	AF_D02	NCBITaxon_10090	Mus musculus	male	no	CL_0000561	amacrine cell	Frozen	MBA:000000657	Primary somatosensory area, mouth, layer 2/3	Astrocyte
AF_94	AF_D02_02	PrimaryBioSample	MONDO_0005887	oral tuberculosis	UBERON_0000955	brain	EFO_0008722	Drop-seq	AF_D02	NCBITaxon_10090	Mus musculus	male	no	CL_0000103	bipolar neuron	Frozen	MBA:000000657	Primary somatosensory area, mouth, layer 2/3	Macrophage
AF_95	AF_D02_02	PrimaryBioSample	MONDO_0005887	oral tuberculosis	UBERON_0000955	brain	EFO_0008722	Drop-seq	AF_D02	NCBITaxon_10090	Mus musculus	male	no	CL_0000103	bipolar neuron	Frozen	MBA:000000657	Primary somatosensory area, mouth, layer 2/3	Macrophage
AF_96	AF_D02_02	PrimaryBioSample	MONDO_0005887	oral tuberculosis	UBERON_0000955	brain	EFO_0008722	Drop-seq	AF_D02	NCBITaxon_10090	Mus musculus	male	no	CL_0000561	amacrine cell	Frozen	MBA:000000657	Primary somatosensory area, mouth, layer 2/3	Astrocyte
AF_97	AF_D02_02	PrimaryBioSample	MONDO_0005887	oral tuberculosis	UBERON_0000955	brain	EFO_0008722	Drop-seq	AF_D02	NCBITaxon_10090	Mus musculus	male	no	CL_0000561	amacrine cell	Frozen	MBA:000000657	Primary somatosensory area, mouth, layer 2/3	Astrocyte
AF_98	AF_D02_02	PrimaryBioSample	MONDO_0005887	oral tuberculosis	UBERON_0000955	brain	EFO_0008722	Drop-seq	AF_D02	NCBITaxon_10090	Mus musculus	male	no	CL_0000561	amacrine cell	Frozen	MBA:000000657	Primary somatosensory area, mouth, layer 2/3	Astrocyte
AF_99	AF_D02_02	PrimaryBioSample	MONDO_0005887	oral tuberculosis	UBERON_0000955	brain	EFO_0008722	Drop-seq	AF_D02	NCBITaxon_10090	Mus musculus	male	no	CL_0000561	amacrine cell	Frozen	MBA:000000657	Primary somatosensory area, mouth, layer 2/3	Astrocyte
AF_100	AF_D02_02	PrimaryBioSample	MONDO_0005887	oral tuberculosis	UBERON_0000955	brain	EFO_0008722	Drop-seq	AF_D02	NCBITaxon_10090	Mus musculus	male	no	CL_0000748	retinal bipolar neuron	Frozen	MBA:000000657	Primary somatosensory area, mouth, layer 2/3	Purkinje
AF_101	AF_D02_01	PrimaryBioSample	MONDO_0005887	oral tuberculosis	UBERON_0000955	brain	EFO_0008722	Drop-seq	AF_D02	NCBITaxon_10090	Mus musculus	male	no	CL_0000236	B cell	Frozen	MBA:000000985	Primary motor area	Bergmann
AF_102	AF_D02_01	PrimaryBioSample	MONDO_0005887	oral tuberculosis	UBERON_0000955	brain	EFO_0008722	Drop-seq	AF_D02	NCBITaxon_10090	Mus musculus	male	no	CL_0000236	B cell	Frozen	MBA:000000985	Primary motor area	Bergmann
AF_103	AF_D02_01	PrimaryBioSample	MONDO_0005887	oral tuberculosis	UBERON_0000955	brain	EFO_0008722	Drop-seq	AF_D02	NCBITaxon_10090	Mus musculus	male	no	CL_0000236	B cell	Frozen	MBA:000000985	Primary motor area	Bergmann
AF_104	AF_D02_01	PrimaryBioSample	MONDO_0005887	oral tuberculosis	UBERON_0000955	brain	EFO_0008722	Drop-seq	AF_D02	NCBITaxon_10090	Mus musculus	male	no	CL_0000236	B cell	Frozen	MBA:000000985	Primary motor area	Bergmann
AF_105	AF_D02_01	PrimaryBioSample	MONDO_0005887	oral tuberculosis	UBERON_0000955	brain	EFO_0008722	Drop-seq	AF_D02	NCBITaxon_10090	Mus musculus	male	no	CL_0000236	B cell	Frozen	MBA:000000985	Primary motor area	Bergmann
AF_106	AF_D02_01	PrimaryBioSample	MONDO_0005887	oral tuberculosis	UBERON_0000955	brain	EFO_0008722	Drop-seq	AF_D02	NCBITaxon_10090	Mus musculus	male	no	CL_0000236	B cell	Frozen	MBA:000000985	Primary motor area	Bergmann
AF_107	AF_D02_01	PrimaryBioSample	MONDO_0005887	oral tuberculosis	UBERON_0000955	brain	EFO_0008722	Drop-seq	AF_D02	NCBITaxon_10090	Mus musculus	male	no	CL_0000236	B cell	Frozen	MBA:000000985	Primary motor area	Bergmann
AF_108	AF_D02_01	PrimaryBioSample	MONDO_0005887	oral tuberculosis	UBERON_0000955	brain	EFO_0008722	Drop-seq	AF_D02	NCBITaxon_10090	Mus musculus	male	no	CL_0000236	B cell	Frozen	MBA:000000985	Primary motor area	Bergmann
AF_109	AF_D02_01	PrimaryBioSample	MONDO_0005887	oral tuberculosis	UBERON_0000955	brain	EFO_0008722	Drop-seq	AF_D02	NCBITaxon_10090	Mus musculus	male	no	CL_0000236	B cell	Frozen	MBA:000000985	Primary motor area	Bergmann
AF_110	AF_D02_01	PrimaryBioSample	MONDO_0005887	oral tuberculosis	UBERON_0000955	brain	EFO_0008722	Drop-seq	AF_D02	NCBITaxon_10090	Mus musculus	male	no	CL_0000236	B cell	Frozen	MBA:000000985	Primary motor area	Bergmann
AF_111	AF_D01_02	PrimaryBioSample	MONDO_0005887	oral tuberculosis	UBERON_0000955	brain	EFO_0008722	Drop-seq	AF_D01	NCBITaxon_10090	Mus musculus	male	no	CL_0000103	bipolar neuron	Frozen	MBA:000000657	Primary somatosensory area, mouth, layer 2/3	Macrophage
AF_112	AF_D01_02	PrimaryBioSample	MONDO_0005887	oral tuberculosis	UBERON_0000955	brain	EFO_0008722	Drop-seq	AF_D01	NCBITaxon_10090	Mus musculus	male	no	CL_0000748	retinal bipolar neuron	Frozen	MBA:000000657	Primary somatosensory area, mouth, layer 2/3	Purkinje
AF_113	AF_D01_02	PrimaryBioSample	MONDO_0005887	oral tuberculosis	UBERON_0000955	brain	EFO_0008722	Drop-seq	AF_D01	NCBITaxon_10090	Mus musculus	male	no	CL_0000561	amacrine cell	Frozen	MBA:000000657	Primary somatosensory area, mouth, layer 2/3	Astrocyte
AF_114	AF_D01_02	PrimaryBioSample	MONDO_0005887	oral tuberculosis	UBERON_0000955	brain	EFO_0008722	Drop-seq	AF_D01	NCBITaxon_10090	Mus musculus	male	no	CL_0000103	bipolar neuron	Frozen	MBA:000000657	Primary somatosensory area, mouth, layer 2/3	Macrophage
AF_115	AF_D01_02	PrimaryBioSample	MONDO_0005887	oral tuberculosis	UBERON_0000955	brain	EFO_0008722	Drop-seq	AF_D01	NCBITaxon_10090	Mus musculus	male	no	CL_0000561	amacrine cell	Frozen	MBA:000000657	Primary somatosensory area, mouth, layer 2/3	Astrocyte
AF_116	AF_D01_02	PrimaryBioSample	MONDO_0005887	oral tuberculosis	UBERON_0000955	brain	EFO_0008722	Drop-seq	AF_D01	NCBITaxon_10090	Mus musculus	male	no	CL_0000561	amacrine cell	Frozen	MBA:000000657	Primary somatosensory area, mouth, layer 2/3	Astrocyte
AF_117	AF_D01_02	PrimaryBioSample	MONDO_0005887	oral tuberculosis	UBERON_0000955	brain	EFO_0008722	Drop-seq	AF_D01	NCBITaxon_10090	Mus musculus	male	no	CL_0000561	amacrine cell	Frozen	MBA:000000657	Primary somatosensory area, mouth, layer 2/3	Astrocyte
AF_118	AF_D01_02	PrimaryBioSample	MONDO_0005887	oral tuberculosis	UBERON_0000955	brain	EFO_0008722	Drop-seq	AF_D01	NCBITaxon_10090	Mus musculus	male	no	CL_0000103	bipolar neuron	Frozen	MBA:000000657	Primary somatosensory area, mouth, layer 2/3	Macrophage
AF_119	AF_D01_02	PrimaryBioSample	MONDO_0005887	oral tuberculosis	UBERON_0000955	brain	EFO_0008722	Drop-seq	AF_D01	NCBITaxon_10090	Mus musculus	male	no	CL_0000561	amacrine cell	Frozen	MBA:000000657	Primary somatosensory area, mouth, layer 2/3	Astrocyte
AF_120	AF_D01_02	PrimaryBioSample	MONDO_0005887	oral tuberculosis	UBERON_0000955	brain	EFO_0008722	Drop-seq	AF_D01	NCBITaxon_10090	Mus musculus	male	no	CL_0000103	bipolar neuron	Frozen	MBA:000000657	Primary somatosensory area, mouth, layer 2/3	Macrophage
AF_121	AF_D01_01	PrimaryBioSample	MONDO_0005887	oral tuberculosis	UBERON_0000955	brain	EFO_0008722	Drop-seq	AF_D01	NCBITaxon_10090	Mus musculus	male	no	CL_0000561	amacrine cell	Frozen	MBA:000000985	Primary motor area	Astrocyte
AF_122	AF_D01_01	PrimaryBioSample	MONDO_0005887	oral tuberculosis	UBERON_0000955	brain	EFO_0008722	Drop-seq	AF_D01	NCBITaxon_10090	Mus musculus	male	no	CL_0000748	retinal bipolar neuron	Frozen	MBA:000000985	Primary motor area	Purkinje
AF_123	AF_D01_01	PrimaryBioSample	MONDO_0005887	oral tuberculosis	UBERON_0000955	brain	EFO_0008722	Drop-seq	AF_D01	NCBITaxon_10090	Mus musculus	male	no	CL_0000561	amacrine cell	Frozen	MBA:000000985	Primary motor area	Astrocyte
AF_124	AF_D01_01	PrimaryBioSample	MONDO_0005887	oral tuberculosis	UBERON_0000955	brain	EFO_0008722	Drop-seq	AF_D01	NCBITaxon_10090	Mus musculus	male	no	CL_0000561	amacrine cell	Frozen	MBA:000000985	Primary motor area	Astrocyte
AF_125	AF_D01_01	PrimaryBioSample	MONDO_0005887	oral tuberculosis	UBERON_0000955	brain	EFO_0008722	Drop-seq	AF_D01	NCBITaxon_10090	Mus musculus	male	no	CL_0000561	amacrine cell	Frozen	MBA:000000985	Primary motor area	Astrocyte
AF_126	AF_D01_01	PrimaryBioSample	MONDO_0005887	oral tuberculosis	UBERON_0000955	brain	EFO_0008722	Drop-seq	AF_D01	NCBITaxon_10090	Mus musculus	male	no	CL_0000561	amacrine cell	Frozen	MBA:000000985	Primary motor area	Astrocyte
AF_127	AF_D01_01	PrimaryBioSample	MONDO_0005887	oral tuberculosis	UBERON_0000955	brain	EFO_0008722	Drop-seq	AF_D01	NCBITaxon_10090	Mus musculus	male	no	CL_0000561	amacrine cell	Frozen	MBA:000000985	Primary motor area	Astrocyte
AF_128	AF_D01_01	PrimaryBioSample	MONDO_0005887	oral tuberculosis	UBERON_0000955	brain	EFO_0008722	Drop-seq	AF_D01	NCBITaxon_10090	Mus musculus	male	no	CL_0000561	amacrine cell	Frozen	MBA:000000985	Primary motor area	Astrocyte
AF_129	AF_D01_01	PrimaryBioSample	MONDO_0005887	oral tuberculosis	UBERON_0000955	brain	EFO_0008722	Drop-seq	AF_D01	NCBITaxon_10090	Mus musculus	male	no	CL_0000561	amacrine cell	Frozen	MBA:000000985	Primary motor area	Astrocyte
AF_130	AF_D01_01	PrimaryBioSample	MONDO_0005887	oral tuberculosis	UBERON_0000955	brain	EFO_0008722	Drop-seq	AF_D01	NCBITaxon_10090	Mus musculus	male	no	CL_0000561	amacrine cell	Frozen	MBA:000000985	Primary motor area	Astrocyte
